Date,NCDEX_Close,NCDEX_Volume,Global_Soy_Close,USD_INR_Rate,Weather_Feature,Sowing_Feature,News_Snippet
2024-06-14,4968.551488904492,33835,13.901216824846447,82.96579149991891,-3.2755416566891524,17.20751760274551,Favorable weather boosts crop prospects.
2024-06-17,4984.593170479074,43534,14.085085352937487,83.10600493623963,0.8916773176481972,16.695833833951614,"Import duty hike expected, prices might rise."
2024-06-18,5037.335522591886,30575,13.880470286247885,83.2831439354294,-1.2860388055340475,9.908894560135629,"Poor monsoon forecast worries farmers, supply concerns."
2024-06-19,5118.645983714617,29113,13.754379485840895,83.23855862358246,-2.457239912883425,-6.380787229320523,"Import duty hike expected, prices might rise."
2024-06-20,5168.446529114798,45365,13.647233131906082,83.50764266964445,-10.185052494832945,-4.798686698294727,Experts predict bearish trend for coming weeks.
2024-06-21,5287.9238390706105,33031,13.609577614240802,83.6912808930249,-4.999696258327885,9.692519722081421,Trading volume surges on speculation.
2024-06-24,5129.17912829579,61579,13.682638928704264,83.71325579418566,4.050752494540851,-0.8394611258738944,Government announces increase in MSP for oilseeds.
2024-06-25,5383.958534288425,41796,13.681695069722176,83.84459354291292,3.327115325724357,6.888741067738941,"Poor monsoon forecast worries farmers, supply concerns."
2024-06-26,5417.630208800892,39796,13.692401185228317,84.05776295986637,-1.9862770168095114,-2.793591182271637,"Poor monsoon forecast worries farmers, supply concerns."
2024-06-27,5530.905996805705,46152,13.699873693915347,84.11248592973865,-3.1735557410647512,-6.243363759858996,Favorable weather boosts crop prospects.
2024-06-28,5559.194255237761,25051,13.743342704286478,84.00518749239387,-4.1136885162868735,1.8999832645718389,Global soybean prices fall sharply.
2024-07-01,5622.027832139608,32150,13.8095926548211,84.18190705383779,0.9094212744541408,-8.015165234828805,"Poor monsoon forecast worries farmers, supply concerns."
2024-07-02,5640.092968307291,13407,13.87753334024954,84.1865547229818,3.788242364990575,16.690124404451677,Experts predict bearish trend for coming weeks.
2024-07-03,5593.856346366593,31990,13.873896956172196,84.35701345886206,-0.1692622904515266,-2.7147150990753914,"Import duty hike expected, prices might rise."
2024-07-04,5755.452865635269,41177,13.823232475223936,84.36387979977549,5.8208651640878735,-0.5004584644680392,Favorable weather boosts crop prospects.
2024-07-05,5490.5911372714945,56642,13.74484049737826,84.02885866620993,2.524604369450803,11.912121878660322,Excellent harvest reported in major growing regions.
2024-07-08,5688.632055005157,57041,13.672419132321767,83.72071496400187,-0.9968348922939778,-5.093642735306152,Government announces increase in MSP for oilseeds.
2024-07-09,5855.716237161084,52781,13.76222184281962,83.72749892470237,0.11932661359227309,9.504405256807775,Government announces increase in MSP for oilseeds.
2024-07-10,6114.231909208239,69971,13.91127300807832,83.803678894225,1.7846205915350355,-7.494949753299599,"Import duty hike expected, prices might rise."
2024-07-11,6297.318616248629,38057,13.837163565008002,83.99078526092431,0.8803037978506988,-6.453623644016792,"Import duty hike expected, prices might rise."
2024-07-12,6339.392948767766,30521,13.725273887127578,84.05445030813453,9.96131980830737,-1.3931693266440917,Global soybean prices fall sharply.
2024-07-15,6120.408990831502,41072,13.901115813060072,84.06088985239364,6.696469608917976,19.06730985427907,"Import duty hike expected, prices might rise."
2024-07-16,5987.043754062401,57304,13.98953917334875,84.03257108078226,6.0993365565158815,-7.825610433103268,Global soybean prices fall sharply.
2024-07-17,5827.27498877623,46271,13.973450685196026,83.83034845273666,9.349937074406808,12.406012445684869,Experts predict bearish trend for coming weeks.
2024-07-18,5845.408609069766,31752,13.886215153855398,83.53247487459943,3.3935538114867523,17.255497524646966,Experts predict bearish trend for coming weeks.
2024-07-19,5808.9108830299065,48168,13.962442858131308,83.31139243595041,1.7288431020469046,-8.18672076308377,Global soybean prices fall sharply.
2024-07-22,5840.997229943118,50938,13.828500727208729,83.41213360715045,9.780007035007424,17.06215042710485,Market remains steady despite global cues.
2024-07-23,5875.784755746916,29590,13.944199002113775,83.70994314792048,2.5860911257329167,3.0564998841594466,Trading volume surges on speculation.
2024-07-24,5917.554783401088,37461,13.851146880211129,83.50980599283085,-2.565644337461333,17.060442054593832,"Import duty hike expected, prices might rise."
2024-07-25,5926.4733500143975,33511,13.84371138551903,83.39140804227932,5.214742187284942,17.43435473945663,Excellent harvest reported in major growing regions.
2024-07-26,6016.0772205246485,25952,14.105120490226593,83.34921161243176,-3.001760840873058,-8.493779761251162,Market remains steady despite global cues.
2024-07-29,6208.660255051125,49686,13.961233656624502,83.36969670992752,0.022875702529876432,10.499943114194899,Government announces increase in MSP for oilseeds.
2024-07-30,6109.340962554903,37212,13.99143979573656,82.98294011037733,-4.349491519340122,-0.6073941128734344,Demand expected to pick up next quarter.
2024-07-31,6039.4744856449,39709,13.892890930640654,83.44740054012787,-1.5614594535757123,8.79126807330504,Demand expected to pick up next quarter.
2024-08-01,6221.669682777251,28848,14.068720572942539,83.58444742526616,-6.056016058528584,0.8388132942316702,Government announces increase in MSP for oilseeds.
2024-08-02,5843.554676154889,77348,14.211517860071202,83.53192028207316,1.9928242016512365,9.079484025886725,Global soybean prices fall sharply.
2024-08-05,5680.154138338099,25507,14.105648270893724,83.42217324665924,0.772702263621251,12.79662597207368,Experts predict bearish trend for coming weeks.
2024-08-06,5742.551181246343,20400,14.218186528584093,83.46728337487818,11.473692621541646,10.399078131588738,Favorable weather boosts crop prospects.
2024-08-07,5762.468593314941,19875,14.343121970140423,83.43517947975504,1.3525315088331182,-7.483832189431816,Favorable weather boosts crop prospects.
2024-08-08,5668.779539604052,25791,14.215292259183133,83.32912976895508,-1.7471517999493091,12.101255289258958,Global soybean prices fall sharply.
2024-08-09,5771.56349652176,29909,14.020430885527084,83.40422678016702,2.0293751905358146,0.998018549766833,Excellent harvest reported in major growing regions.
2024-08-12,5805.450104540852,18780,13.842980173193643,83.55117694272752,-0.5349038536197921,-0.22364446004234928,Demand expected to pick up next quarter.
2024-08-13,5869.809925494721,46849,13.694025295198742,83.77147310411684,-0.6544020640241841,8.53777102294664,Global soybean prices fall sharply.
2024-08-14,5847.575391520238,37291,13.959226104528051,83.75258528562485,6.438517743874811,6.62356169348655,Excellent harvest reported in major growing regions.
2024-08-15,5968.231145146084,27685,13.900800035298854,83.81274141948425,-0.2762081741649389,-7.407030931327272,"Poor monsoon forecast worries farmers, supply concerns."
2024-08-16,5887.343431162906,23316,14.100465913415162,83.59575427023655,5.942249562803726,-2.5333955821932754,"Poor monsoon forecast worries farmers, supply concerns."
2024-08-19,5674.087005825278,49814,14.16866564887506,83.58134859264746,1.755902824747701,14.600550522879338,Trading volume surges on speculation.
2024-08-20,5503.293109907121,39825,14.169602612451111,83.79265954617945,-4.874691835572877,1.842369005176982,Experts predict bearish trend for coming weeks.
2024-08-21,5483.934543840027,26134,14.20247266406178,83.72177673997699,-6.405348159665019,1.8739096073316848,"Import duty hike expected, prices might rise."
2024-08-22,5498.998155246461,41897,14.029333383078171,83.64606711631994,-0.07461482738342738,-2.5106062979083275,Favorable weather boosts crop prospects.
2024-08-23,5436.4300322503,17698,14.168798651780815,83.56689210842305,-1.5467140594533886,-2.4522084722857995,Market remains steady despite global cues.
2024-08-26,5358.947154241862,34091,14.155399260909828,83.95970491121402,1.5392063192820238,9.180752285942393,"Import duty hike expected, prices might rise."
2024-08-27,5408.412715606075,31182,14.192593200532315,83.85140204762092,-2.4958202841973827,-9.145006753075636,Experts predict bearish trend for coming weeks.
2024-08-28,5430.304567053848,17798,14.122911173003345,84.03259919491146,-4.551936302943464,5.652147195868931,Government announces increase in MSP for oilseeds.
2024-08-29,5505.039700928005,23452,14.072758733295137,84.01008971258099,-4.9508452823031925,8.036765338974032,Government announces increase in MSP for oilseeds.
2024-08-30,5516.632132358247,36744,13.960678226897123,83.52249483066313,-0.48942288653077404,1.720605281148801,"Poor monsoon forecast worries farmers, supply concerns."
2024-09-02,5496.145602462613,22432,13.961797555800135,83.31454472481704,3.40572666894977,18.575633062188558,Government announces increase in MSP for oilseeds.
2024-09-03,5586.463631688882,57219,14.36025796016416,83.28157791924343,-6.115570480331982,15.38896143224743,Favorable weather boosts crop prospects.
2024-09-04,5627.504420726018,42181,14.270316606291672,83.59714211221878,7.083847367866364,6.487833058172782,Excellent harvest reported in major growing regions.
2024-09-05,5651.707860769154,17454,14.267902306061965,83.65094514608887,-0.02698304942777558,7.908040670136874,Experts predict bearish trend for coming weeks.
2024-09-06,5638.410989432312,15783,14.087273130550608,83.41427394484366,4.279832287841415,18.016611091573548,Excellent harvest reported in major growing regions.
2024-09-09,5614.38215869231,46378,13.926061445129903,83.36153625385147,-2.926617104607243,2.9330744552009484,Market remains steady despite global cues.
2024-09-10,5639.484413754846,44300,13.998095904104403,83.33278176870395,-3.898144063905091,18.41095516572848,Experts predict bearish trend for coming weeks.
2024-09-11,5593.491897109031,43089,13.894749977220584,83.32638555685423,-4.39782620467175,3.5963599678476843,Market remains steady despite global cues.
2024-09-12,5667.802818136318,39087,13.950143342487156,83.38324394107467,3.707791270868712,19.87256391362661,Favorable weather boosts crop prospects.
2024-09-13,5543.347594777874,28063,13.887350068549408,83.51414862437517,-0.1713373622503657,-3.3727044738476675,Experts predict bearish trend for coming weeks.
2024-09-16,5607.6338583647275,40644,13.733029860062338,83.19472310363587,2.9793842934738435,-4.212049788930763,"Poor monsoon forecast worries farmers, supply concerns."
2024-09-17,5602.426362540598,22970,13.709728302110193,83.09920162627944,4.4898594871560835,-9.11320053447979,Government announces increase in MSP for oilseeds.
2024-09-18,5547.534814380328,31074,13.710888067868938,83.09116531044471,2.091900335344489,-7.7710672398240614,Trading volume surges on speculation.
2024-09-19,5577.546003674543,14118,13.826294127647769,83.10703238171872,4.253981569814592,4.8799467943348365,"Import duty hike expected, prices might rise."
2024-09-20,5546.4553209302385,37620,13.665580234018755,83.0488531028517,-6.690964486889733,1.2479625048936143,Experts predict bearish trend for coming weeks.
2024-09-23,5479.781534338327,45689,13.779121160264678,83.36184299763235,3.3212738369043153,6.7066475932620015,Experts predict bearish trend for coming weeks.
2024-09-24,5547.8754377261685,24848,13.886390436357912,83.07576251417022,-1.414931986869081,7.61361509897521,Trading volume surges on speculation.
2024-09-25,5563.198984832004,16215,14.03564231223201,82.63692692056777,3.86899892226589,8.85331540776357,"Import duty hike expected, prices might rise."
2024-09-26,5521.018239979612,48073,14.038758461458004,82.50289943512179,3.4744897608357634,7.110783519693978,Experts predict bearish trend for coming weeks.
2024-09-27,5486.7759661927685,48416,14.109212029323583,82.60684432441842,1.6584675978129004,-9.379708855206815,Demand expected to pick up next quarter.
2024-09-30,5556.324742021893,38748,14.323195013125012,82.87724337125084,-6.726054769482424,7.007150425012689,Market remains steady despite global cues.
2024-10-01,5660.252939569485,20648,14.471774901868208,83.06154297410856,-0.2586485232174818,8.652942289311241,Market remains steady despite global cues.
2024-10-02,5706.899225740235,29581,14.539969547439174,83.0920396641367,5.630173945683814,17.407912872469158,"Import duty hike expected, prices might rise."
2024-10-03,5773.034452732389,27923,14.599413392311003,83.19014451723177,-11.71676331493672,11.21497883920264,Market remains steady despite global cues.
2024-10-04,5707.610227934618,36416,14.675866163226129,83.17011270920725,-0.7909831421121505,13.318923351004397,Excellent harvest reported in major growing regions.
2024-10-07,5722.676608764919,12086,14.642742967519156,83.39804781499804,-0.9270012877826984,19.32196526226479,Experts predict bearish trend for coming weeks.
2024-10-08,5641.914652039103,20068,14.682118038032323,83.35454839438067,-7.511565823936359,1.5686891013206168,"Poor monsoon forecast worries farmers, supply concerns."
2024-10-09,5611.92437396752,47003,14.743371718203026,83.52529825444981,1.4084441116162756,12.188966858189403,Global soybean prices fall sharply.
2024-10-10,5647.073815464963,26407,14.630299090632647,83.49111851835004,-4.059461334407545,4.035520063617517,"Import duty hike expected, prices might rise."
2024-10-11,5611.96703152671,46114,14.47679828376048,83.33819904814032,2.765310862926553,19.86756877080748,Global soybean prices fall sharply.
2024-10-14,5603.473241408669,38935,14.309491247582153,83.30229039091735,0.6084444692074449,17.495058616713756,Global soybean prices fall sharply.
2024-10-15,5469.235877232886,45405,14.418288193871877,83.05613172065476,8.6150628098783,19.943298679892944,"Import duty hike expected, prices might rise."
2024-10-16,5598.102580565587,61632,14.24231688519733,82.97176701883345,-4.948897854555013,3.0691963771473763,Favorable weather boosts crop prospects.
2024-10-17,5559.96841029183,36862,14.176665148095635,82.97032181128735,4.806630264727414,18.7036785091608,Trading volume surges on speculation.
2024-10-18,5538.539829204115,30568,14.310480361855099,83.13320225775257,-3.592521708387916,-7.943287737279217,Favorable weather boosts crop prospects.
2024-10-21,5598.679969037909,44444,14.504981939417341,83.38742798623751,-2.920755785583173,-1.3437527254877875,Global soybean prices fall sharply.
2024-10-22,5544.331852383844,33438,14.52952117713215,83.74524380346568,-2.547517331942962,8.748576310755134,Excellent harvest reported in major growing regions.
2024-10-23,5462.654159300105,41811,14.551927336291904,83.43854927349754,7.365791674585242,4.924693678866353,Government announces increase in MSP for oilseeds.
2024-10-24,5350.246472269617,29391,14.639732354539639,83.40677863214111,-0.777070615677463,18.31474937903276,Experts predict bearish trend for coming weeks.
2024-10-25,5322.3384798697825,23142,14.462705681613656,83.5487440870362,6.419651623504532,-8.893480999876218,Market remains steady despite global cues.
2024-10-28,5414.07554200293,21609,14.504145694842194,83.83911051850296,9.852414674508148,-9.39439879598585,"Poor monsoon forecast worries farmers, supply concerns."
2024-10-29,5450.213372903704,52724,14.824026763299225,83.99916118201577,-0.42163385936690756,0.8624600825521718,Government announces increase in MSP for oilseeds.
2024-10-30,5524.657753382162,48401,14.604808647235732,84.07813836651232,-0.7703860018583029,2.3223760290359365,"Poor monsoon forecast worries farmers, supply concerns."
2024-10-31,5601.5608339942755,54692,14.756154114299372,84.30903748920394,-6.989745381669769,11.356481921436135,Experts predict bearish trend for coming weeks.
2024-11-01,5712.168392171103,25857,14.999459500438789,84.14717187730261,-7.2490727420902745,6.742722516072462,Market remains steady despite global cues.
2024-11-04,5522.787312801187,62795,15.062495936299053,84.20037637657664,8.447527918880862,3.482663482212967,Excellent harvest reported in major growing regions.
2024-11-05,5465.5665591921,24897,14.912354903595846,84.26297233997181,-5.1050112471705305,9.835086919418597,Demand expected to pick up next quarter.
2024-11-06,5278.8070534963235,44119,14.754300442159145,83.9526058477212,-9.515437998503486,-4.210073629894399,Government announces increase in MSP for oilseeds.
2024-11-07,5445.926312132537,49357,14.976606357896745,84.01334335615371,5.723834564113383,-2.8667111489801265,Government announces increase in MSP for oilseeds.
2024-11-08,5327.8720853447685,48236,14.849736315804556,84.12949556535989,0.8832426587045471,-4.77234848029921,Trading volume surges on speculation.
2024-11-11,5246.9498712298655,26562,15.049103480343614,84.08622135163962,-6.723030706615054,-5.494157433779769,Market remains steady despite global cues.
2024-11-12,5281.874214976462,14971,14.997970112956802,83.86048344186828,2.2442771604130503,1.7466170801957208,Favorable weather boosts crop prospects.
2024-11-13,5304.7277232456545,26472,14.870531669677845,83.82022802052673,8.503886282641055,-1.5749199437041632,Government announces increase in MSP for oilseeds.
2024-11-14,5342.381352100321,26573,14.573547678080603,83.65216290014925,3.4281609956273034,5.330027511313094,Excellent harvest reported in major growing regions.
2024-11-15,5370.748540601745,46869,14.617976026966737,83.6306601503185,4.343386008215585,-1.3860239251860094,Experts predict bearish trend for coming weeks.
2024-11-18,5360.473307950543,48452,14.18403952909845,83.7558262428061,-5.176918179698423,0.3937587015840496,Global soybean prices fall sharply.
2024-11-19,5349.450082594302,13561,14.26237955382253,83.63723141388222,-2.6463565468223034,-2.2852814699974466,Trading volume surges on speculation.
2024-11-20,5434.4272575772,17940,14.434278466616705,83.82266370767348,2.6582890421978616,0.9314392065917403,"Poor monsoon forecast worries farmers, supply concerns."
2024-11-21,5436.537761522544,38238,14.605040233756498,83.87494270711798,-2.3479913041601916,-9.306417716921436,Excellent harvest reported in major growing regions.
2024-11-22,5446.266977439316,31890,14.657399782471057,84.21226686436852,3.711289989798469,-6.270354935952067,Excellent harvest reported in major growing regions.
2024-11-25,5437.198511369063,18007,14.580302209676812,84.3142070412218,-5.884148328483365,-6.028097001967696,Excellent harvest reported in major growing regions.
2024-11-26,5359.566208797701,54086,14.368302224649234,84.18803679357033,2.3367209886316602,16.28745965098364,"Import duty hike expected, prices might rise."
2024-11-27,5387.078010043868,14570,14.505974101371287,84.15463241426478,-1.7862670877327909,3.302331181403183,Excellent harvest reported in major growing regions.
2024-11-28,5399.041302426952,43706,14.310288713790971,83.95483727556564,11.008153444554605,8.3785188869889,Global soybean prices fall sharply.
2024-11-29,5408.141145620415,39038,14.228767943490706,83.94960562635332,-8.898227186984084,-2.023172465328331,Global soybean prices fall sharply.
2024-12-02,5382.535277511954,40569,14.363943021419946,84.03664383345553,-2.0047827064119583,10.837551162103857,Global soybean prices fall sharply.
2024-12-03,5461.159701422835,42506,14.261579539184124,84.06080709721849,-0.2592466696279452,5.152816150233662,"Import duty hike expected, prices might rise."
2024-12-04,5469.4731994995045,45072,14.323753688200519,84.08654929808154,-4.792020006446507,-0.5684503911590753,Government announces increase in MSP for oilseeds.
2024-12-05,5385.961541960864,51008,14.266185676716768,84.10084911480075,0.2955862347080749,7.436503223233892,Global soybean prices fall sharply.
2024-12-06,5266.783740790634,49452,14.176055487319712,84.1553614146263,-1.3972659032849102,10.419607748680281,Global soybean prices fall sharply.
2024-12-09,5346.290235396372,42457,14.012240486776454,84.21318311832391,-0.538475871454792,10.048701483639277,Experts predict bearish trend for coming weeks.
2024-12-10,5421.4273032620085,35738,14.164163447497364,84.17388302269856,4.032072389390566,7.30042299243981,Demand expected to pick up next quarter.
2024-12-11,5377.814604374752,49970,13.975976826349656,84.10824993424461,6.634835067069831,-7.804770677976708,Market remains steady despite global cues.
2024-12-12,5327.319177306145,21222,13.756678021412021,84.25131117774397,-3.8107516256014184,16.115549944155987,Market remains steady despite global cues.
2024-12-13,5331.796011393619,11363,13.781735799568317,84.17020972123663,8.984429672752894,17.1401444047872,"Import duty hike expected, prices might rise."
2024-12-16,5240.412650042007,47000,13.598507173652383,84.42749553735081,-6.504827248659959,15.997064182776704,Market remains steady despite global cues.
2024-12-17,5192.178308707529,49343,13.559257308672594,84.23555198930676,-5.430981060948169,-8.861100285079067,"Poor monsoon forecast worries farmers, supply concerns."
2024-12-18,5348.860056623098,43540,13.562566131735334,84.17250857819886,-3.8718621462441853,4.658551680091147,Experts predict bearish trend for coming weeks.
2024-12-19,5190.411436485673,32226,13.498799333757024,84.29104583738355,1.9144889277665988,12.101410149065536,Demand expected to pick up next quarter.
2024-12-20,5169.161772902201,19906,13.326726966682914,84.56172103356971,2.2204760647721757,4.079295093785552,Excellent harvest reported in major growing regions.
2024-12-23,5176.473181392837,23013,13.5668157496082,84.52762417093524,11.328248321128001,-7.704367239258106,Global soybean prices fall sharply.
2024-12-24,5199.320773298058,42864,13.691874684680943,84.54756229955188,-2.4094974813283843,0.3546864350052257,Global soybean prices fall sharply.
2024-12-25,5152.314121736397,36087,13.78238201946313,84.44916799398122,-6.6794886076614315,14.984025935851754,"Import duty hike expected, prices might rise."
2024-12-26,5068.3797791493225,34117,13.774056479732785,84.60410859836641,-4.218047970058746,14.908103684730992,"Poor monsoon forecast worries farmers, supply concerns."
2024-12-27,5053.349242064786,29229,13.859410609511238,84.62725270619629,1.395135380427204,13.032229737875504,Favorable weather boosts crop prospects.
2024-12-30,5065.796280191209,14625,13.89883368910577,84.83405156924562,-1.7972244276532923,13.53617657448443,Government announces increase in MSP for oilseeds.
2024-12-31,5074.1207107038545,17094,14.099160365776225,84.69694663840717,6.2132767808204115,-6.4875977898648465,"Import duty hike expected, prices might rise."
2025-01-01,5059.6638396884955,45040,14.000791192272237,84.9165306303446,1.0221714309070062,-3.1761720600053884,"Import duty hike expected, prices might rise."
2025-01-02,5029.623179867868,49647,14.010737169435112,84.86849197792529,-5.366990116362099,-4.984561820811883,Market remains steady despite global cues.
2025-01-03,5091.286468221891,16382,13.862467951835605,85.17634577759857,-2.440991914517674,-0.7360093035774327,Global soybean prices fall sharply.
2025-01-06,5095.653622918642,38012,13.889855809796618,85.15253183869943,0.9333978145990458,13.39947435485169,"Poor monsoon forecast worries farmers, supply concerns."
2025-01-07,5045.131811385993,28730,13.82128103533434,84.99264802095894,2.0735241749302844,5.109270824718422,"Import duty hike expected, prices might rise."
2025-01-08,5151.9554954646255,55600,13.557769835342661,84.89568208689568,-0.10348416941626279,1.9018689334302614,"Import duty hike expected, prices might rise."
2025-01-09,5214.210450012419,23870,13.647042868286247,84.91690571983149,2.2691757521161513,14.90188262323153,Market remains steady despite global cues.
2025-01-10,5166.617835334881,16397,13.850275873333697,84.98628315309136,6.165161775489886,18.545139011139685,"Import duty hike expected, prices might rise."
2025-01-13,5152.787334436079,29545,13.96283005668127,84.9008597328221,-10.432741226488362,16.263737715278964,"Poor monsoon forecast worries farmers, supply concerns."
2025-01-14,5231.925627883986,56236,13.854591202236664,84.90733435531234,1.715458400129475,16.15388080124743,Government announces increase in MSP for oilseeds.
2025-01-15,5128.274539010641,20117,13.82125125743535,84.61721414104831,-0.5586198292608123,6.418457779152902,Government announces increase in MSP for oilseeds.
2025-01-16,5299.578102918099,54465,13.693722850999142,84.49626603475674,0.6478607480607951,4.566576649956639,Government announces increase in MSP for oilseeds.
2025-01-17,5417.1212550826185,54372,13.661026592321178,84.50628744903713,-10.868600287325059,12.507498958908865,"Poor monsoon forecast worries farmers, supply concerns."
2025-01-20,5466.726805508959,23915,13.59943954466055,84.45670542645092,1.9944371698842835,-4.340529939454423,Government announces increase in MSP for oilseeds.
2025-01-21,5453.243430055099,36398,13.56244465924731,84.44709849453109,3.405641870047686,3.1583970644557517,Demand expected to pick up next quarter.
2025-01-22,5316.499140436586,49802,13.698405182627532,84.47436907771556,-9.537606101628759,1.7209490230927589,Experts predict bearish trend for coming weeks.
2025-01-23,5094.7983845335,40703,13.762731930045954,84.520816084628,-4.56519050575859,-3.0485337635743157,Favorable weather boosts crop prospects.
2025-01-24,4934.346060029602,51377,13.8860928900951,84.83045524739477,1.6762305348753557,-3.682207980840227,Global soybean prices fall sharply.
2025-01-27,4949.372715107854,23727,13.83561431314342,84.74074893619621,3.4021979605508994,1.436335070558096,Excellent harvest reported in major growing regions.
2025-01-28,4916.823983649905,38060,13.83748327433112,84.66312860454299,1.077667517623908,6.868868051008008,"Import duty hike expected, prices might rise."
2025-01-29,4869.271633450139,19777,13.828352405252378,84.53099267972307,-2.4979610578947242,-3.103371961049991,Excellent harvest reported in major growing regions.
2025-01-30,4841.649191252662,47583,13.925558351876486,84.57921947010684,-6.609429152467805,8.493028338266125,Favorable weather boosts crop prospects.
2025-01-31,4857.921083010321,44906,13.957145664153748,84.34240836589336,-1.3720421888398058,0.44532123593518413,Experts predict bearish trend for coming weeks.
2025-02-03,4793.133155572338,20330,13.779407589194014,84.2883903565494,-0.3199572714434321,5.215760767004289,Excellent harvest reported in major growing regions.
2025-02-04,4777.364285705793,47324,13.892720236854236,84.24574787573067,-4.28771188602257,19.070192199629265,Experts predict bearish trend for coming weeks.
2025-02-05,4727.361002451187,34820,13.816129494978695,84.2006744574717,5.685922646515188,14.125740580512272,Government announces increase in MSP for oilseeds.
2025-02-06,4823.633023982468,39423,13.817423311608552,84.31799512557721,-4.967486148501211,19.00029206382619,Experts predict bearish trend for coming weeks.
2025-02-07,4815.9899743796195,42250,13.977153904667128,84.26878016292903,0.46124349516384894,-5.539486965433938,Government announces increase in MSP for oilseeds.
2025-02-10,4797.750854939335,17360,13.819470295455888,84.32276019702037,1.6872962731630667,18.50915328360858,"Import duty hike expected, prices might rise."
2025-02-11,4779.862761227993,22767,13.86237624830999,84.46472782274427,-5.019620360229498,14.589461754107656,Trading volume surges on speculation.
2025-02-12,4742.307112499467,28617,13.8245314608727,84.32383236970082,-8.699621533518531,10.92280248890998,Global soybean prices fall sharply.
2025-02-13,4731.167510467085,21673,13.887227002331255,84.43477196530979,-7.582248847253254,2.047398993225041,Experts predict bearish trend for coming weeks.
2025-02-14,4724.502214794603,17988,13.810327154459431,84.43751444765664,1.378781547584669,11.58061380457183,Experts predict bearish trend for coming weeks.
2025-02-17,4655.263413754609,23362,13.99351680219438,84.40706687690812,-4.555250892769396,1.6031483222690603,Experts predict bearish trend for coming weeks.
2025-02-18,4645.786063117133,43266,13.865815119488008,84.36478076902357,0.7375488582465216,18.82388097529121,Favorable weather boosts crop prospects.
2025-02-19,4662.831467403024,30623,13.864948970688898,84.22804113337907,-0.28108812077078205,-4.274814896664222,Demand expected to pick up next quarter.
2025-02-20,4779.00251877767,37563,13.594302969510897,84.0939223472327,-0.9165032381793123,-4.736808143447169,"Import duty hike expected, prices might rise."
2025-02-21,4868.152594940735,19723,13.464176542272318,84.03750945249466,1.7221919502537535,17.674424961189516,Trading volume surges on speculation.
2025-02-24,4899.009962591913,44068,13.506727427699557,84.11757042434611,0.5883447516723999,6.46819005127594,Demand expected to pick up next quarter.
2025-02-25,4908.660959274464,41473,13.334831440668953,84.25088033814315,-1.7187037414241526,-6.085379740323421,"Poor monsoon forecast worries farmers, supply concerns."
2025-02-26,4976.787223841815,41746,13.36561407748677,84.56351916384527,-0.5984324067002693,10.360220208789706,Government announces increase in MSP for oilseeds.
2025-02-27,5120.838377934968,54073,13.756811121400842,84.55318904489012,2.0289753698564974,3.0743375437268643,Government announces increase in MSP for oilseeds.
2025-02-28,5156.863456402872,53371,13.386800902005383,84.25214335686293,2.5717299837070193,-2.570491955226731,Favorable weather boosts crop prospects.
2025-03-03,5193.980540130076,33607,13.332800196735331,84.13168998601586,2.3470056629539413,-2.7790288755556887,Trading volume surges on speculation.
2025-03-04,5184.63458454088,36082,13.240398229833106,84.27597516012598,-2.7831444412296458,0.6691324095766245,Government announces increase in MSP for oilseeds.
2025-03-05,5029.752893450849,49512,13.240637919327458,84.38699317805116,-0.9622412472212599,-5.733716220182189,"Import duty hike expected, prices might rise."
2025-03-06,5011.419749934824,46338,13.302911608909337,84.53779473189043,2.368245618297367,2.3188035082042884,Experts predict bearish trend for coming weeks.
2025-03-07,5013.266945750924,42361,13.400707835938958,84.76753876381055,2.98330175344865,1.210689706581455,Market remains steady despite global cues.
2025-03-10,4968.986396346316,41032,13.526052861652994,84.72885502563561,-1.5341654071797683,-8.576403019677395,Favorable weather boosts crop prospects.
2025-03-11,4941.338995785783,46736,13.367971314145263,84.96374409513771,-0.6254297986505573,1.7624648309908615,Excellent harvest reported in major growing regions.
2025-03-12,5017.126279428182,22233,13.452597034008726,85.04076107401467,-4.528617235138065,3.2330563359653244,Market remains steady despite global cues.
2025-03-13,5044.269892788005,26935,13.50843034585651,85.29260381892965,0.5289637220427306,-5.749039849019613,Global soybean prices fall sharply.
2025-03-14,5009.7617673646355,18110,13.523196675750116,84.85868430785024,7.418483874840128,18.556536210048307,"Poor monsoon forecast worries farmers, supply concerns."
2025-03-17,5067.842659519653,46024,13.406413618401672,84.85062629933134,-0.6716390195333586,18.707832830135274,Demand expected to pick up next quarter.
2025-03-18,5111.382681702213,43215,13.313424905793932,85.00623657399179,-0.1253968681539291,3.9653599820684917,Market remains steady despite global cues.
2025-03-19,5029.393379161018,28944,13.226826059524381,85.12100550554187,5.919369155034559,-9.39886023222299,Trading volume surges on speculation.
2025-03-20,4919.303151361693,25278,13.25186448261031,85.08229299794998,4.343714089780292,2.9647472304373164,"Poor monsoon forecast worries farmers, supply concerns."
2025-03-21,4873.702796358746,49850,13.313036122502877,85.02673417237227,7.370883850550141,-6.53839569562653,Government announces increase in MSP for oilseeds.
2025-03-24,4834.076114692591,53278,13.129221284806523,85.17446349897311,-0.8004022480096691,-4.5451579031537666,"Import duty hike expected, prices might rise."
2025-03-25,4827.210291884978,12283,12.982070425570582,84.99118408584498,5.014583952048768,17.129419124674587,Market remains steady despite global cues.
2025-03-26,4786.076052306188,46996,12.924825935518472,84.65642127864213,8.541754861205405,9.148782143849605,Demand expected to pick up next quarter.
2025-03-27,4846.1310190181675,30674,13.221302703659891,84.31212745495957,-1.0360868876604727,17.558022888040067,Government announces increase in MSP for oilseeds.
2025-03-28,4875.8419998635645,22698,13.250893246660127,84.58711645379721,11.373883562696026,1.1569362536947558,Trading volume surges on speculation.
2025-03-31,4857.918122300746,46199,13.177690316677356,84.45609488446868,-1.7818496106110526,13.014708090019667,Trading volume surges on speculation.
2025-04-01,4882.520358155279,37730,13.231160713741456,84.31821873490108,3.5515417565673624,2.2022122427796695,Government announces increase in MSP for oilseeds.
2025-04-02,4910.458026070239,42993,13.068908383878927,84.1257738076801,-3.7016104313900215,18.55648968810133,Government announces increase in MSP for oilseeds.
2025-04-03,4834.564491858993,32546,13.014028755925212,83.9661414666752,-10.48942517236387,-8.86443041779561,Government announces increase in MSP for oilseeds.
2025-04-04,4839.343483439669,45024,13.079877479350811,83.81133307936474,-3.1053231520345888,19.55076382077256,Global soybean prices fall sharply.
2025-04-07,4757.2495858843795,50670,13.10998599152167,83.99082558663636,-1.2342975176882707,4.280465348490637,Trading volume surges on speculation.
2025-04-08,4920.8602378135065,63917,12.93561924297892,84.12919018599746,1.9642083665549266,19.48723421031631,Global soybean prices fall sharply.
2025-04-09,4922.713674818877,30082,12.957337307529013,83.99627642923663,7.892974996994633,13.974819139037212,Government announces increase in MSP for oilseeds.
2025-04-10,4979.215865088385,52155,13.07314532241276,84.07340787257557,-5.385223353949282,16.40444162322354,Favorable weather boosts crop prospects.
2025-04-11,5017.175131764504,30913,12.935242462447633,83.89249537331592,-2.748371854021881,-9.523639632949322,Global soybean prices fall sharply.
2025-04-14,5098.7370967384895,27856,12.869350834652822,83.61733764524608,6.801686238254721,6.706137816553124,"Import duty hike expected, prices might rise."
2025-04-15,5161.9211745535285,49707,12.780352008488578,83.63085657925762,2.9622211446339115,1.8428833058217045,"Import duty hike expected, prices might rise."
2025-04-16,5077.5189214340835,26662,12.59361188170326,83.97491633130898,6.552472095654256,1.057037395427276,Government announces increase in MSP for oilseeds.
2025-04-17,4960.034986659396,36277,12.563186507697063,84.0699980387471,2.499388503651073,-5.2342226320928,Demand expected to pick up next quarter.
2025-04-18,5095.766931266541,32775,12.408924775421589,84.04238210951549,-4.1106340501630365,5.427148842975404,"Import duty hike expected, prices might rise."
2025-04-21,4920.720653591362,44191,12.592166620879052,84.30789467364573,-1.0896760445279972,2.354379552276736,Excellent harvest reported in major growing regions.
2025-04-22,5118.852247106292,63704,12.611699003682476,84.34828742738807,-7.109017669201175,0.09334770555541816,Global soybean prices fall sharply.
2025-04-23,5231.043328956596,36686,12.681431618997383,84.13229763426612,-1.310612648155094,6.047262045910685,Experts predict bearish trend for coming weeks.
2025-04-24,5310.2840765891115,34340,12.74352807166995,84.14163828845743,9.907186661610742,13.61944884590524,Experts predict bearish trend for coming weeks.
2025-04-25,5239.147715148876,46432,12.841958599497104,84.2545576538148,-2.1643312528441516,-3.548905747834249,Excellent harvest reported in major growing regions.
2025-04-28,5257.428093072985,44907,12.952455637600009,84.01646431613374,-2.963229071944654,-6.6210857938629895,Demand expected to pick up next quarter.
2025-04-29,5231.269143183255,13715,12.923208407138725,84.04748276366176,6.283601932038295,8.138131323810917,Government announces increase in MSP for oilseeds.
2025-04-30,5299.985587351468,32778,12.956984404505288,84.3138839055475,-3.0551326588223384,14.28112196238093,Global soybean prices fall sharply.
2025-05-01,5245.146830699512,28179,13.136434863467555,84.0699822845372,-4.6742651659879595,7.132127862668682,Demand expected to pick up next quarter.
2025-05-02,5239.157543968166,19629,13.200367941657866,84.05399480780544,-0.341643951453029,5.6815796872020385,Government announces increase in MSP for oilseeds.
2025-05-05,5327.278182268992,56383,13.041092754029616,84.15710306932448,-4.583004912567349,0.09438199048778806,Excellent harvest reported in major growing regions.
2025-05-06,5310.496078340034,27075,13.108251411724117,84.16624778418048,-3.719038274817825,-4.2780153235610445,"Import duty hike expected, prices might rise."
2025-05-07,5249.1280734974625,42708,12.984980160578944,84.08291575283668,-2.316985359024034,-5.464474464893864,Global soybean prices fall sharply.
2025-05-08,5269.771235393319,43407,13.157210694822801,84.11210664987452,11.381472845976878,-6.055732412966447,Government announces increase in MSP for oilseeds.
2025-05-09,5219.794920687191,15658,13.193691036635887,84.23069930303663,-0.9911054695579122,16.65633115293707,"Poor monsoon forecast worries farmers, supply concerns."
2025-05-12,5267.688240100845,50050,13.101443671997647,84.19770680785095,-5.523377580106217,-9.073309158454265,"Import duty hike expected, prices might rise."
2025-05-13,5496.212099159503,41318,13.146245087687566,84.24548252813798,7.598856751968554,16.323784400210382,Favorable weather boosts crop prospects.
2025-05-14,5418.202509363914,19341,13.332446959708218,84.2036658349333,3.453024730056422,-7.975319504640767,Market remains steady despite global cues.
2025-05-15,5484.744956063379,27088,13.422306175659413,84.21983931725597,3.5697049223078983,13.214744626615065,Favorable weather boosts crop prospects.
2025-05-16,5419.944811295535,51323,13.593802854242584,84.32519513979692,3.7126646988376795,-2.01649835836373,Experts predict bearish trend for coming weeks.
2025-05-19,5308.553568605099,23699,13.721078865150183,84.00981089927933,-2.110285483667172,-0.9685021265125418,Experts predict bearish trend for coming weeks.
2025-05-20,5352.4399781697075,44539,13.700502355101145,83.90601813345573,1.7345399325267399,-0.24775253414637,"Import duty hike expected, prices might rise."
2025-05-21,5395.486763997782,40375,13.842148654695473,84.25761006914828,-1.6333127738108981,1.512349401936218,Market remains steady despite global cues.
2025-05-22,5280.790839346787,53217,13.894449405548034,84.57489118027264,-2.6039635897915634,-4.921352190644131,Government announces increase in MSP for oilseeds.
2025-05-23,5320.7398201119595,30657,13.864163738884184,84.77698980798579,-7.257353386436599,9.870604736012368,Demand expected to pick up next quarter.
2025-05-26,5316.397017050067,14966,14.028165264938336,84.91217035667334,-14.45124017597598,7.571862372854287,"Import duty hike expected, prices might rise."
2025-05-27,5266.363376144184,22269,13.854034576761345,85.03727218232032,8.934604651774459,3.6954456086936354,Government announces increase in MSP for oilseeds.
2025-05-28,5300.083664279185,41287,13.976471666080604,84.87052898438738,7.36659944941032,-7.170460880714481,"Import duty hike expected, prices might rise."
2025-05-29,5232.021373917805,28244,14.079475722175836,84.72665058170762,0.14993140171891717,-6.051193061375998,Government announces increase in MSP for oilseeds.
2025-05-30,5237.141637965831,17870,14.076192758786547,84.73133104560411,3.720518982109624,6.469320521094385,Trading volume surges on speculation.
2025-06-02,5197.267502709794,16654,13.933911098402302,84.82355598319648,-0.7917582709910748,14.053081671009021,Favorable weather boosts crop prospects.
2025-06-03,5213.9036465026065,16444,14.283115562726273,84.63003808125572,0.3388915472542137,-3.0844443431383164,Favorable weather boosts crop prospects.
2025-06-04,5169.037149704666,54060,14.339857043593499,84.74990429439568,-1.5369596070650235,-7.420370346088091,Trading volume surges on speculation.
2025-06-05,5158.382050231638,44284,14.118106194844977,84.65824128859761,-0.7607341552826119,15.613491744490595,Excellent harvest reported in major growing regions.
2025-06-06,5094.824684978235,52457,14.106530501195634,84.81680450048565,0.5855970023585537,7.111238048906465,Trading volume surges on speculation.
2025-06-09,5056.9835841920785,16276,14.204539507034207,85.06641794045129,0.5448546424604052,5.824119141324559,"Poor monsoon forecast worries farmers, supply concerns."
2025-06-10,5132.075295564876,28315,14.089477683494142,85.01358731169543,4.979635107463844,-2.0844725751283217,Global soybean prices fall sharply.
2025-06-11,5065.778338276926,16698,14.348201457605679,85.14633295728225,2.854924853528537,1.3516158578836865,Government announces increase in MSP for oilseeds.
2025-06-12,5016.1696843170575,35003,14.693773096555617,85.25302834439216,-8.073557118754772,2.414387964844355,"Import duty hike expected, prices might rise."
2025-06-13,5092.625549621379,48464,14.658699054291647,85.37052694626321,-1.4928815991709563,3.6751709612540626,Favorable weather boosts crop prospects.
2025-06-16,5039.822112929803,29210,14.791755585386179,85.46948795375295,5.023254696233314,-8.356441481009721,Experts predict bearish trend for coming weeks.
2025-06-17,4925.21715681631,27137,14.872565438670538,85.34963923406511,10.737638981648372,-0.9172639367617972,Trading volume surges on speculation.
2025-06-18,4894.697540812018,19482,15.09890374848774,85.5319941172098,-3.6149500705004565,9.757703649440902,Experts predict bearish trend for coming weeks.
2025-06-19,4787.057204808385,36394,15.139915172361313,85.51024892820695,-1.7968285080171476,0.7695343059783841,Global soybean prices fall sharply.
2025-06-20,4900.481292347418,40240,15.06413327573045,85.38687119146375,7.276674419330815,-8.555254883363231,Trading volume surges on speculation.
2025-06-23,4944.543406559708,33031,14.945119474378782,85.68443245887518,-4.343009285300593,1.0814736827800289,Global soybean prices fall sharply.
2025-06-24,4968.036475820748,41458,15.001877237079931,85.56458900557912,-0.9636124373849488,3.679393919107458,Market remains steady despite global cues.
2025-06-25,5008.518647549159,37912,14.996933217942974,85.67934432011157,17.169619004234832,2.341086538505282,Market remains steady despite global cues.
2025-06-26,5069.735705630112,41706,15.107425263414054,85.81971341720691,6.39592894446996,-3.4400875741737753,Trading volume surges on speculation.
2025-06-27,5009.102813824643,25850,15.184032087082604,85.94442745346552,0.7302059507843615,13.027046239957052,Demand expected to pick up next quarter.
2025-06-30,4992.493802924454,29268,15.296586619656933,86.06259144104763,6.943790646978364,15.74601859212829,Global soybean prices fall sharply.
2025-07-01,5141.261534907737,27111,15.487900173687345,85.94696156715699,-7.647518118507316,-8.775483245184994,Favorable weather boosts crop prospects.
2025-07-02,5104.221847410458,37261,15.519289626478825,85.84765904173656,0.47792239029315503,12.835070529942907,Favorable weather boosts crop prospects.
2025-07-03,5023.432236735599,39399,15.558975055438484,85.90998496104149,-6.15690278016829,-9.231571037019185,"Import duty hike expected, prices might rise."
2025-07-04,5019.341840189061,16700,15.592241350184322,85.87180936182628,0.9797202433085561,19.011526376545838,"Poor monsoon forecast worries farmers, supply concerns."
2025-07-07,5074.6020824228835,45708,15.705165898590186,85.81137030728158,-10.05170185239958,5.677923750684235,"Poor monsoon forecast worries farmers, supply concerns."
2025-07-08,5070.603971256724,44011,15.414402401085686,85.91230031857579,-1.4308639647279173,9.099700307524639,Market remains steady despite global cues.
2025-07-09,5112.583105325064,23459,15.48591477941148,85.78238779573566,-4.4381857853485736,5.026471200508771,Favorable weather boosts crop prospects.
2025-07-10,5245.61418663643,30897,15.709065277669017,85.54207657430112,-5.650213976799461,19.34243894538688,Government announces increase in MSP for oilseeds.
2025-07-11,5301.496779475041,28868,15.882388438609166,85.51075798348302,1.5524629834525605,-7.225648494892955,Government announces increase in MSP for oilseeds.
2025-07-14,5361.360957465709,51236,15.87426589422737,85.36923108988947,-2.064011034936012,9.080491601476009,Favorable weather boosts crop prospects.
2025-07-15,5373.7401655028225,25385,15.792142697242042,85.2640381847584,-2.587673015298784,-5.698519372554495,Excellent harvest reported in major growing regions.
2025-07-16,5336.9697166606375,17004,16.068350495544113,85.0214780912863,2.657452118480559,-9.719868091080766,Excellent harvest reported in major growing regions.
2025-07-17,5411.036973576069,51102,16.188915109654896,84.94771793433662,0.6931085677359784,2.4148024276956814,Excellent harvest reported in major growing regions.
2025-07-18,5387.568311400302,35027,16.41646819979073,84.87456304435537,7.272365585704831,1.2692390373126816,Trading volume surges on speculation.
2025-07-21,5425.394562976463,33897,16.507235057995864,84.56136146311678,0.6298852038136565,15.965760144198182,Demand expected to pick up next quarter.
2025-07-22,5388.5996483459585,45640,16.533164122599715,84.47779319698428,3.8279247390359887,15.59331673960234,"Poor monsoon forecast worries farmers, supply concerns."
2025-07-23,5444.446154875238,43691,16.42225379597854,84.56860502144983,-0.3840043107926304,-6.53881927208741,Government announces increase in MSP for oilseeds.
2025-07-24,5404.384316875323,25026,16.622042966717206,84.70467581515959,-2.8532510772267856,3.1631927943252602,"Poor monsoon forecast worries farmers, supply concerns."
2025-07-25,5385.026718091019,26543,16.194272785662264,84.83554422978352,0.7445262153161049,12.02318363497146,Demand expected to pick up next quarter.
2025-07-28,5386.524289236142,13666,16.177891477203953,84.79209911242599,3.079944387751541,0.42224178237302823,Trading volume surges on speculation.
2025-07-29,5304.567199142279,52853,16.330735214257068,84.94120340000183,-0.26033363427792294,18.222810332561448,Government announces increase in MSP for oilseeds.
2025-07-30,5235.581805099613,55815,16.539355920107504,84.9829749101821,3.3497975241297784,11.22328918783085,Market remains steady despite global cues.
2025-07-31,5275.974721128439,26832,16.279449807138242,84.83535590374305,3.8169597594277667,4.803588031054121,Government announces increase in MSP for oilseeds.
2025-08-01,5244.62685674543,37941,16.15477957232101,85.04369366281631,0.04384430983006164,18.570885754734796,"Poor monsoon forecast worries farmers, supply concerns."
2025-08-04,5172.162276089015,53650,16.046093482344187,84.74437416569627,2.0968723535734717,2.830481414275809,Government announces increase in MSP for oilseeds.
2025-08-05,5175.937489099236,34743,16.028322046481637,84.64986455915752,-9.0114438933664,-2.4308017981184404,"Import duty hike expected, prices might rise."
2025-08-06,5137.945737106178,25234,16.119154889599624,84.2863289420787,3.4724136884345875,13.030255886854711,Favorable weather boosts crop prospects.
2025-08-07,5253.4136354337315,46262,16.15139618858805,84.13144165651481,3.1288648646739614,-9.56269258222323,Global soybean prices fall sharply.
2025-08-08,5269.2634929140395,16088,15.87867836730937,83.62874894240458,-3.6069047989131837,-6.945644894803452,Trading volume surges on speculation.
2025-08-11,5221.445967000495,24855,15.851939583644551,83.69760852724436,1.5166644639401365,-6.75253408499157,Trading volume surges on speculation.
2025-08-12,5208.141203809934,44317,15.63857159764735,83.68177583172312,2.993428417412103,9.803714099464703,"Import duty hike expected, prices might rise."
2025-08-13,5220.616362984991,44311,15.696722727305435,83.64165823835795,1.4260156489819913,16.80820433477462,"Poor monsoon forecast worries farmers, supply concerns."
2025-08-14,5254.872527703042,14061,15.680032779273784,83.72021718848592,0.547814010616551,-3.4965584643848597,Government announces increase in MSP for oilseeds.
2025-08-15,5273.062215353075,42352,15.694705824448576,84.0032388465924,-8.5461459245469,-4.696129540961392,Experts predict bearish trend for coming weeks.
2025-08-18,5335.720447245803,18471,15.528831744911471,83.95654652141467,-2.4898110425625566,19.38001688718529,Market remains steady despite global cues.
2025-08-19,5326.918451738516,40529,15.545948652931596,84.12506712170702,-1.2479035742825122,5.695444894874427,Market remains steady despite global cues.
2025-08-20,5235.337070959916,38128,15.559102028708717,84.41878081306686,-4.220939743289006,7.228568430001193,"Poor monsoon forecast worries farmers, supply concerns."
2025-08-21,5153.171291025817,36194,15.154718349956303,84.27358986733707,1.274809694649571,9.412224043700668,Experts predict bearish trend for coming weeks.
2025-08-22,5075.881819062994,43189,15.087215557976922,84.1571571851826,3.5718857653783083,5.096179520435713,Trading volume surges on speculation.
2025-08-25,5065.808765278606,13379,15.348921958134781,84.30848030310776,10.334784682659555,15.581969273536245,Demand expected to pick up next quarter.
2025-08-26,5111.085855540524,22219,15.388245671457296,84.13969296734115,-4.391265220740782,-8.43100530508214,Excellent harvest reported in major growing regions.
2025-08-27,5164.899669248128,32037,15.500450663122104,84.39510512796014,-6.863218509146871,-4.002497284461743,"Import duty hike expected, prices might rise."
2025-08-28,5320.588400255761,40349,15.642051549406979,84.17332837046025,-2.6749250299806238,18.329875979917755,Market remains steady despite global cues.
2025-08-29,5392.986170723654,45219,15.645042297532736,84.27615242519579,-4.154935296685511,-7.821713902614294,Favorable weather boosts crop prospects.
2025-09-01,5314.649670982048,19504,15.757519538780732,84.19762976789148,4.666290128689759,7.663936919824621,Market remains steady despite global cues.
2025-09-02,5242.873153155394,31022,15.76329525815181,84.18424388466941,3.5297419841926168,-2.168128810601492,Favorable weather boosts crop prospects.
2025-09-03,5219.321655655081,18787,15.551165143803248,84.60019503086325,-0.9839401607480294,-9.592394295186576,Government announces increase in MSP for oilseeds.
2025-09-04,5139.737802863359,33247,15.662289044172136,84.57829567713905,4.401769945604055,7.118009458508034,Trading volume surges on speculation.
2025-09-05,5043.597356023532,59316,15.727381042911587,84.44637593422623,2.617987886028812,12.801109597270766,Demand expected to pick up next quarter.
2025-09-08,4895.634194978233,58898,15.627264261147738,84.12332348653337,-0.09755430467801697,18.277083410965385,Trading volume surges on speculation.
2025-09-09,4889.454992667343,30854,15.597029799202422,83.97986685833096,1.8097999893543928,7.636602198266218,Trading volume surges on speculation.
2025-09-10,5038.930828519024,30707,15.529711886115283,84.08607914787144,5.631262216964607,16.94451511360353,Demand expected to pick up next quarter.
2025-09-11,4811.471665419151,53076,15.428032168475529,83.9309581909986,-6.704865158926159,8.85169721460214,Experts predict bearish trend for coming weeks.
2025-09-12,5112.947245497576,43071,15.648677086399516,83.92650008840019,7.54139012453356,-1.6556947564363007,Excellent harvest reported in major growing regions.
2025-09-15,5399.660430057444,48434,15.656472418389585,83.7334881296272,-12.96233263391783,5.2063898023360995,Excellent harvest reported in major growing regions.
2025-09-16,5438.630452297161,31263,15.778857509466627,83.48578535759987,4.984693566405331,-4.744267946341207,"Import duty hike expected, prices might rise."
2025-09-17,5356.021350348221,54772,16.039213641828816,83.18648969765404,8.719027719865522,4.310204243097358,Trading volume surges on speculation.
2025-09-18,5215.7520567884285,61301,16.075377687984506,83.14454042188333,2.4623766999025736,18.63313016070113,Trading volume surges on speculation.
2025-09-19,5330.828329442631,58309,16.130115573068682,83.15569777701958,-5.707016011773241,2.1176010352144594,Experts predict bearish trend for coming weeks.
2025-09-22,5304.414244008974,39006,16.194451611684457,83.16854930202072,-0.5999024599566168,-1.5311294624805534,"Poor monsoon forecast worries farmers, supply concerns."
2025-09-23,5282.758907457229,45670,16.111999136277838,83.3477864604814,5.092944351057852,4.189655958172656,Demand expected to pick up next quarter.
2025-09-24,5212.637507426672,29346,16.320187378760235,82.97101915293358,6.156491649536734,3.6406086925962793,"Import duty hike expected, prices might rise."
2025-09-25,5423.173179485867,50686,16.194300944440005,83.07089687216501,1.3445979815596112,7.844552454894867,Experts predict bearish trend for coming weeks.
2025-09-26,5697.908317339568,63050,16.28283007975752,83.16358310721564,-1.010169292124873,0.353822719274163,"Import duty hike expected, prices might rise."
2025-09-29,5676.9094856575775,47293,16.352074105447258,83.4710386327661,0.5039362623545658,-2.0056050741567235,Favorable weather boosts crop prospects.
2025-09-30,5564.450355159109,43699,16.545848959454403,83.47177943551442,-4.478313978667073,0.8941669657575453,Excellent harvest reported in major growing regions.
2025-10-01,5654.402708107828,43726,16.442033674204247,83.36514987046405,-1.2986381193372833,19.17287865541252,Favorable weather boosts crop prospects.
2025-10-02,5639.821156426773,17438,16.152104717999492,82.879834468473,4.804713202948531,8.808027380717487,Global soybean prices fall sharply.
2025-10-03,5592.403275029111,34387,16.072619360594498,83.11504010458268,-1.5979681621209303,15.325304980339798,Global soybean prices fall sharply.
2025-10-06,5608.889046181216,20214,15.981906760848211,83.08706161278992,8.841642693086422,2.989210310988069,Excellent harvest reported in major growing regions.
2025-10-07,5688.300195879105,51462,15.74814813613582,83.1863436791808,-3.0999719347553727,17.321611263836612,"Poor monsoon forecast worries farmers, supply concerns."
2025-10-08,5800.433078092051,46065,15.751865941779393,83.35801538723263,-2.3023056213712,-2.4268640472548197,Market remains steady despite global cues.
2025-10-09,5718.631971291302,18823,15.945563633065841,83.60196692551638,4.463618282874574,13.669485310154073,"Poor monsoon forecast worries farmers, supply concerns."
2025-10-10,5760.46577874542,15551,15.773363400006769,83.74379553412942,2.014084750067159,16.243563801233833,Favorable weather boosts crop prospects.
2025-10-13,5743.502151672688,15583,15.678217725837701,84.13514645793853,-2.9244368942812446,15.193052020028269,Trading volume surges on speculation.
2025-10-14,5832.231722397968,29937,15.919386184325562,84.41800335601867,5.761225287758157,-3.923617508860332,Excellent harvest reported in major growing regions.
2025-10-15,5895.8262388528,30355,15.778510299274384,84.71097232583216,-5.951401099947468,4.682344086347536,Trading volume surges on speculation.
2025-10-16,5814.2470214629175,41619,15.861488543898009,84.65007687554471,0.6137139721382924,-4.333731730812353,Market remains steady despite global cues.
2025-10-17,5811.3160227456065,14777,15.929747405702882,84.53065586325013,2.4628943833064296,16.92489062308046,"Import duty hike expected, prices might rise."
2025-10-20,5965.99185697556,34968,15.723224780571279,84.47155357905106,-3.409234231679749,1.7806195618370726,Market remains steady despite global cues.
2025-10-21,5896.052716633229,16085,15.838053362450891,84.40939225327415,-4.210469039099402,-3.9623315799577394,Experts predict bearish trend for coming weeks.
2025-10-22,5719.5711845413825,33777,15.787334360233535,84.54699250631094,-2.134680815802399,13.556259260626902,Market remains steady despite global cues.
2025-10-23,5923.823124787485,55451,16.076522916814127,84.51736452633483,4.471641203532933,3.8550943311020998,Excellent harvest reported in major growing regions.
2025-10-24,5981.361449861489,18259,16.313998705247442,84.70350086283052,-0.5450201764358007,-5.712854814102744,Market remains steady despite global cues.
2025-10-27,5957.194855312471,38874,16.297615634668805,84.84332804752492,-1.6509877212364197,4.835564488357836,Experts predict bearish trend for coming weeks.
2025-10-28,6016.014680915234,31916,16.22037703143751,84.71497419305017,-0.6132688215278514,18.912608606525996,Market remains steady despite global cues.
2025-10-29,5839.711886936213,27070,16.360410654225824,84.65266573440208,-2.514308390178015,2.9280740440717032,Excellent harvest reported in major growing regions.
2025-10-30,5662.019157684346,56658,16.55394923838958,84.68967289348815,4.46031721138731,15.682555704087576,Excellent harvest reported in major growing regions.
2025-10-31,5658.83322483891,32113,16.56839653194426,84.64162107638325,3.2503213380629967,6.420024202007678,Government announces increase in MSP for oilseeds.
2025-11-03,5649.814667442179,30302,16.435922807498308,84.65172235741626,2.7410530411914347,12.479776517015207,Market remains steady despite global cues.
2025-11-04,5560.953593613628,40355,16.583980266822266,84.77382387121467,10.519007802005074,2.2026375546972883,Excellent harvest reported in major growing regions.
2025-11-05,5446.770382080596,57764,16.56108260921962,84.80509472117055,1.2278267056254935,8.645367993111215,Market remains steady despite global cues.
2025-11-06,5443.564833741691,27298,16.373310442339132,84.69139419211572,4.75554830851757,-1.026461146404861,"Poor monsoon forecast worries farmers, supply concerns."
2025-11-07,5497.853815409552,48218,16.47708340148487,84.69528018527541,2.9717491262458138,19.350962930714974,Favorable weather boosts crop prospects.
2025-11-10,5468.215351504552,18422,16.463262285355498,84.70877558714027,3.6611818660368156,2.9698237142430024,Global soybean prices fall sharply.
2025-11-11,5486.285780147813,20666,16.720253120748197,84.79960964562007,0.339001455138499,12.149154701134915,Global soybean prices fall sharply.
2025-11-12,5449.052601746235,18274,16.941642253172937,84.68511138237518,1.6939875104318127,-4.35030864441683,Experts predict bearish trend for coming weeks.
2025-11-13,5504.387785198195,49991,17.18350620968966,84.58770661436645,-7.097342318659364,-3.0395238969521348,Experts predict bearish trend for coming weeks.
2025-11-14,5748.537401045348,35987,17.377642940100984,84.54288139901354,-1.5593921134764241,1.988951458616695,"Import duty hike expected, prices might rise."
2025-11-17,5904.743846140557,61319,17.14386666326259,84.99068809837485,2.4722167180687564,18.193265568360353,Demand expected to pick up next quarter.
2025-11-18,5535.180336910618,60991,17.1450286467998,85.05718901840677,-9.868009031173147,-4.875484861266651,Market remains steady despite global cues.
2025-11-19,5439.807483016036,55796,17.003968639143487,84.93370699124507,9.474926061061312,2.1952929906169008,"Import duty hike expected, prices might rise."
2025-11-20,5543.351161773023,44728,16.988363020435045,85.06862610740063,-4.959831428923361,1.101891729582615,"Poor monsoon forecast worries farmers, supply concerns."
2025-11-21,5457.37125138289,23462,17.025269431951703,85.00631467778037,4.028033267600527,15.96652918855898,Favorable weather boosts crop prospects.
2025-11-24,5417.710653361281,44545,17.340162045120756,84.91121792365219,13.331092439550398,17.72568260704688,Experts predict bearish trend for coming weeks.
2025-11-25,5463.504606529532,37038,17.540859935102393,85.19734900097137,-5.802830968250366,-4.580991629583244,"Poor monsoon forecast worries farmers, supply concerns."
2025-11-26,5375.712799961037,33900,17.749834231542145,85.1356238381601,6.472279228344898,-5.58450058221363,Global soybean prices fall sharply.
2025-11-27,5317.6485026419305,37582,17.453813934388208,85.17390277491596,4.454327033445332,-4.213183403741758,Trading volume surges on speculation.
2025-11-28,5150.463690269474,43015,17.656478092140567,84.93223569028822,0.3721987725606584,10.014942837028787,Market remains steady despite global cues.
2025-12-01,5109.741224504696,21887,17.460989072906226,84.89524850785382,-1.1044355309515819,8.20626040403576,Trading volume surges on speculation.
2025-12-02,5104.830444770342,25682,17.544964279328727,84.73004946573842,-6.718190134697879,8.769529125966137,Trading volume surges on speculation.
2025-12-03,5027.433675915699,38517,17.701349282190503,84.47850729507013,-2.936673513941889,-9.027477765478153,"Poor monsoon forecast worries farmers, supply concerns."
2025-12-04,5048.185011342078,12809,17.402038525842144,84.47108004230593,-8.058690455928058,11.431791571169882,Demand expected to pick up next quarter.
2025-12-05,5153.571607251572,29851,17.51708336390144,84.56980145244187,-2.4247179148609685,2.160151433952187,Experts predict bearish trend for coming weeks.
2025-12-08,5258.323240406328,47038,17.221295550366737,84.37141922579875,4.267298471981576,-7.649985983654455,"Poor monsoon forecast worries farmers, supply concerns."
2025-12-09,5111.105087605503,52518,17.434718694189563,84.24679145676949,-4.094858201866945,1.0641857195345246,Excellent harvest reported in major growing regions.
2025-12-10,5433.167156349503,52746,17.89653756015184,84.15440613611648,5.19556084148456,17.886796484542245,Demand expected to pick up next quarter.
2025-12-11,5217.546969998906,39598,18.003237831084256,83.75494761642267,-2.6627230306998735,1.5240242516976394,Experts predict bearish trend for coming weeks.
2025-12-12,5196.164123179184,42790,17.915665784560773,83.84374346727944,8.540662543146048,8.15397936328505,Government announces increase in MSP for oilseeds.
2025-12-15,5200.282330107732,29773,17.877741958101097,83.90734399299708,-5.812813137236242,3.6677747135065673,Favorable weather boosts crop prospects.
2025-12-16,5261.566698588898,52163,17.67420222624823,83.960840140264,6.9316186827041335,6.583016262564957,Global soybean prices fall sharply.
2025-12-17,5357.394315783801,46522,17.673086393572092,83.94501486763737,3.8824247667385197,7.346387001086473,Experts predict bearish trend for coming weeks.
2025-12-18,5264.59624475507,24685,18.007409884220618,83.84599126946374,10.073103045575849,13.938548436853445,Trading volume surges on speculation.
2025-12-19,5294.639852098383,35225,18.067794949804217,83.85709827252332,-1.2496930331768998,6.478770286509317,Favorable weather boosts crop prospects.
2025-12-22,5281.573037748991,42679,18.13187401914062,83.87320675367901,-1.6218079604509366,-0.0904688258520423,Favorable weather boosts crop prospects.
2025-12-23,5419.154521695666,24870,18.028777786774413,83.92035386261054,10.19399536626624,-7.964878280605857,Trading volume surges on speculation.
2025-12-24,5363.031954024356,17682,17.588954017208703,84.2341841401381,-9.967262238691045,18.27436989176134,Demand expected to pick up next quarter.
2025-12-25,5422.117309479565,29654,17.671647345900332,84.24576864045349,10.283310695509302,5.032856081630712,Experts predict bearish trend for coming weeks.
2025-12-26,5468.13990189,14828,17.64418981744206,84.33885229947757,-6.873205961787855,14.864108783323605,Market remains steady despite global cues.
2025-12-29,5488.576953185511,49756,17.30609221940125,84.46476134389832,13.002381035461234,7.645709488958854,Excellent harvest reported in major growing regions.
2025-12-30,5498.99083020591,37384,17.05471648381331,84.35555526412715,1.9246621078555992,3.895718548739451,Global soybean prices fall sharply.
2025-12-31,5431.6325928151955,53576,17.45651631770704,84.01008118537602,3.665824413798502,3.127349604811423,Experts predict bearish trend for coming weeks.
2026-01-01,5385.089322714912,18603,17.466105473033988,83.81406071347091,4.70060169889647,18.290290428823983,Government announces increase in MSP for oilseeds.
2026-01-02,5399.910202276593,49670,17.43393251278105,83.78323879666621,-2.3572103466886856,10.665846630756569,Excellent harvest reported in major growing regions.
2026-01-05,5414.047642567086,39132,17.361017217009422,83.8521608447965,-2.9842024585338134,2.938533984992958,Government announces increase in MSP for oilseeds.
2026-01-06,5386.847249853899,18476,17.50028169675702,83.68078527416935,-4.1210844761842065,5.6935019841686305,Excellent harvest reported in major growing regions.
2026-01-07,5442.750189093881,36416,17.538408586045733,83.91224975943541,-9.361278819227033,1.0570223589965622,Government announces increase in MSP for oilseeds.
2026-01-08,5351.8532158938,32538,17.62913448650471,83.68779058563933,2.7319737274275155,14.331321433366092,Demand expected to pick up next quarter.
2026-01-09,5521.034769393608,55259,17.19056471852835,83.72625975181037,0.9633600578967892,8.345843413485483,Excellent harvest reported in major growing regions.
2026-01-12,5506.053943688349,49178,17.02667229625845,83.96965842057487,0.04765579780567951,18.038834489685655,"Import duty hike expected, prices might rise."
2026-01-13,5422.392211451423,38528,16.96855637237863,84.16386315863346,-0.76401806999565,2.537024812377478,Excellent harvest reported in major growing regions.
2026-01-14,5420.812068550749,43751,16.919297895327507,84.45922649603851,-1.7170211118186094,18.32265761093388,Favorable weather boosts crop prospects.
2026-01-15,5396.175679409894,17145,16.91060943063408,84.34427051949947,2.1992992762917236,2.852312213306572,Excellent harvest reported in major growing regions.
2026-01-16,5367.8918877812175,36707,16.997558098871867,84.44231327103657,-5.824754449471055,9.215958115950976,Global soybean prices fall sharply.
2026-01-19,5226.082740004624,27245,16.999354873269773,84.01594354503071,-4.517960124164096,-1.6033438628667902,Market remains steady despite global cues.
2026-01-20,5029.01319116276,67696,17.188971444505153,83.91008046759315,0.28422168678054655,14.666527074078772,Excellent harvest reported in major growing regions.
2026-01-21,5016.024853463067,28072,17.120258350620844,83.99148827175378,-5.313557417530398,7.828181182698369,Excellent harvest reported in major growing regions.
2026-01-22,5118.21375130098,46675,17.096071968933956,84.07002769238741,-6.183611477421309,0.6584264145409797,Global soybean prices fall sharply.
2026-01-23,5014.375869896993,49132,16.923085831848315,84.15788035977525,-4.378954879988768,14.382068807898452,Favorable weather boosts crop prospects.
2026-01-26,5080.321581554491,44767,16.84703292894419,84.36440640748386,-2.2144492811805967,-0.1775907521878608,Market remains steady despite global cues.
2026-01-27,5067.347379154143,31525,16.865254308850268,84.4040926500298,-1.812044559966306,11.171110401048104,Global soybean prices fall sharply.
2026-01-28,5009.707309221401,55373,16.879059314580292,84.5983842835932,-3.939074555962993,6.552359350084799,Favorable weather boosts crop prospects.
2026-01-29,5131.283952383951,38846,16.99991230580954,84.87470473430702,0.5284255901773518,-6.257828542282155,Favorable weather boosts crop prospects.
2026-01-30,4849.395219200143,45828,17.106655768304783,84.79268789004182,-1.53276545521567,-9.94565466344069,"Poor monsoon forecast worries farmers, supply concerns."
2026-02-02,4662.066656133713,47128,16.96650387334475,84.54317193927533,1.0796813002647236,-4.364300719405218,Favorable weather boosts crop prospects.
2026-02-03,4831.159873093204,35961,16.938376154600153,84.57442125647461,-0.8519562170471799,4.3182989087289005,Experts predict bearish trend for coming weeks.
2026-02-04,4969.406059197436,63702,17.131616401773947,84.36686802352934,4.050246129210896,0.9725751665275393,Favorable weather boosts crop prospects.
2026-02-05,4900.336157031289,39717,17.42959429034889,84.35407300293126,-0.7905804235521231,-6.22549330030599,Favorable weather boosts crop prospects.
2026-02-06,4799.15236524603,31471,17.34054633107663,84.41667236052274,-1.4727627657683975,1.5597232830418974,Favorable weather boosts crop prospects.
2026-02-09,4789.966796910411,47035,17.063628548645905,84.53342434836489,0.1903977749418117,-0.5971469666567177,"Import duty hike expected, prices might rise."
2026-02-10,4778.319908197027,12428,17.16537425525903,84.38721588610622,6.105206156056026,12.09079304367966,"Poor monsoon forecast worries farmers, supply concerns."
2026-02-11,4774.074926644471,40307,16.909821153860364,84.33692163746252,-1.5139432172866676,-6.451759807511389,Favorable weather boosts crop prospects.
2026-02-12,4773.189408030067,24602,16.94418393239933,84.23958342610213,-5.633385201403915,4.138506332865198,Trading volume surges on speculation.
2026-02-13,4800.913182781016,40089,17.26494031236944,84.28349961087213,-4.033196087410232,12.68616901155223,"Import duty hike expected, prices might rise."
2026-02-16,4816.5506755248,48497,17.462930561365393,84.12784242517678,-5.045992042011267,5.856924525466539,Excellent harvest reported in major growing regions.
2026-02-17,4862.038379557176,44280,17.526674717420082,84.05003707871384,-1.1351950937495539,18.213999004718513,Market remains steady despite global cues.
2026-02-18,4833.44177219957,18493,17.565060841650645,83.96330352992757,4.842424117934673,2.883438119533979,"Poor monsoon forecast worries farmers, supply concerns."
2026-02-19,4758.231926880825,40482,17.442374864225968,84.00272575092293,0.08828567156354886,-9.026501962784053,Favorable weather boosts crop prospects.
2026-02-20,4716.9143932521065,39915,17.481219990768235,84.03079304225024,6.743882392065709,5.580013453542703,"Import duty hike expected, prices might rise."
2026-02-23,4755.492624294272,30873,17.68019560108022,83.97435574365547,-2.6021958040567683,10.273737659172756,Demand expected to pick up next quarter.
2026-02-24,4862.744638548959,22066,17.595544830265684,84.07561429625503,-2.081932846513042,-7.008015857011354,"Poor monsoon forecast worries farmers, supply concerns."
2026-02-25,4918.362677146984,24551,17.893286564128356,84.1338665181556,-1.1707813688376612,5.627183539673487,Market remains steady despite global cues.
2026-02-26,4898.833722675538,29166,17.853092043791285,84.12878116646802,1.125185159682264,16.28576422292516,Trading volume surges on speculation.
2026-02-27,4841.445795089788,32728,17.897206250121776,84.16912325460443,0.83431162664852,15.23100853032377,Government announces increase in MSP for oilseeds.
2026-03-02,4937.401928253408,23048,17.97318508279048,84.17981666319437,4.810052366122662,16.416562320161482,"Poor monsoon forecast worries farmers, supply concerns."
2026-03-03,4899.061367469517,53836,17.79821609519945,84.27719592585994,-5.261657628930151,12.825838563344433,Demand expected to pick up next quarter.
2026-03-04,4891.3356757424335,38844,17.477289939428307,84.17292097924727,-2.3709548265585525,-1.2535020111799628,Government announces increase in MSP for oilseeds.
2026-03-05,4972.473253257423,44941,17.575110970337754,84.29417864789588,0.7958999937830507,-3.387587407175536,"Import duty hike expected, prices might rise."
2026-03-06,5025.60500003762,47833,17.57175489715901,84.2571098373157,9.999079582409827,-9.797753732783706,Demand expected to pick up next quarter.
2026-03-09,4999.472890740584,46147,17.43408483960856,84.34182768053117,4.809619950775867,16.973172264122567,Experts predict bearish trend for coming weeks.
2026-03-10,5040.343844271228,42445,17.551291441418698,84.35302348153286,-1.5248188814737622,-4.656367105860623,"Import duty hike expected, prices might rise."
2026-03-11,5102.278342395811,45835,17.346318025181354,84.4077587004308,-3.0740288151277935,2.8211824963150605,"Poor monsoon forecast worries farmers, supply concerns."
2026-03-12,5236.41234116523,25177,17.28965251309057,84.23945500519064,-2.175261823646231,18.940458397573884,Demand expected to pick up next quarter.
2026-03-13,5434.114419992447,36762,17.38771805756781,84.26393321872857,-3.2581720580265783,-1.8050718700731831,"Import duty hike expected, prices might rise."
2026-03-16,5210.395816139172,51649,17.2330453861544,84.19213311624584,2.080652316541098,-8.545938249619528,Favorable weather boosts crop prospects.
2026-03-17,5157.536636532046,49489,17.32656492684421,84.10048833727072,3.3360104446612993,4.659693072585853,Market remains steady despite global cues.
2026-03-18,5244.617689364991,35237,17.28443172428401,84.11812162426526,-3.291222239737064,7.478732694616134,Government announces increase in MSP for oilseeds.
2026-03-19,5290.865745516984,52278,17.186120645333375,84.03892203830738,-1.8354371266295613,9.118399789927423,Demand expected to pick up next quarter.
2026-03-20,5447.5119494282435,59549,17.330985135892952,84.02758917225911,11.741694674419547,-8.655236283158834,Government announces increase in MSP for oilseeds.
2026-03-23,5638.334573503361,64486,17.301534302874714,84.26483510311921,1.7576411027605865,1.769220428712572,Global soybean prices fall sharply.
2026-03-24,5483.199752425965,24345,17.078525784689642,84.18999781218693,4.34541237682177,1.035908116167148,Excellent harvest reported in major growing regions.
2026-03-25,5452.192763890524,31682,17.20232032600632,83.95395045756166,4.8849036378974,-8.942304006659755,Trading volume surges on speculation.
2026-03-26,5498.998767280049,17561,17.112159300477686,83.93166280855128,8.771398306612344,-3.4023968912181317,Excellent harvest reported in major growing regions.
2026-03-27,5368.176062985977,45581,16.965248896271103,84.02901385635752,-2.0474999132906873,8.20530968938429,"Import duty hike expected, prices might rise."
2026-03-30,5354.151845453499,31364,16.926323436159734,84.12149969040215,-0.9785482187571947,-4.753807998502367,"Import duty hike expected, prices might rise."
2026-03-31,5299.518751418865,20861,16.687161888693193,83.65558913203269,-0.6612982093381694,0.548002823117054,"Poor monsoon forecast worries farmers, supply concerns."
2026-04-01,5271.01621498014,48348,16.554453157543236,83.74986618668252,1.8896531950086517,-0.18241540368046216,Global soybean prices fall sharply.
2026-04-02,5347.235433867376,27059,16.783781018157697,83.52454500455792,-15.828721635446865,8.416865220892717,Experts predict bearish trend for coming weeks.
2026-04-03,5220.515123433193,39023,16.481605349702374,83.47026548676153,-2.255481516647603,-2.528698038056034,Excellent harvest reported in major growing regions.
2026-04-06,5018.658178146918,62665,16.358056006731356,83.6791713192257,-7.438902910988951,10.269124562628214,Experts predict bearish trend for coming weeks.
2026-04-07,5358.222023003588,73344,16.09561687898994,83.57615210334752,-7.016209840324757,19.854112441540313,Trading volume surges on speculation.
2026-04-08,5269.716881502627,38757,15.936553913584689,83.42796167812837,2.32653756595238,-2.2236331825427875,"Poor monsoon forecast worries farmers, supply concerns."
2026-04-09,5174.68593429575,58619,16.059186818627126,83.44036542378613,-9.46815732897227,18.477045076351086,Demand expected to pick up next quarter.
2026-04-10,5182.1153101529335,32751,16.13241449106874,83.40121374564103,0.3265816078106368,16.983373893064876,"Import duty hike expected, prices might rise."
2026-04-13,5203.706478157872,22529,16.1983576142133,83.79706553114913,-9.528312606874955,7.0134582175176625,"Import duty hike expected, prices might rise."
2026-04-14,5207.848787095636,20954,16.366562973440594,83.84105977985553,-1.551997363378875,8.529142116054516,Excellent harvest reported in major growing regions.
2026-04-15,5278.287575275587,49858,16.451462909746148,83.63153806369344,-1.2080271544404564,12.943885888070014,Favorable weather boosts crop prospects.
2026-04-16,5229.906400521292,20507,16.462072844041895,83.94364097881561,-7.1241987867183,-1.097486066471177,Global soybean prices fall sharply.
2026-04-17,5229.289914844677,18879,16.548145801302514,83.73335170451082,7.90150797186842,3.9257670789203676,"Import duty hike expected, prices might rise."
2026-04-20,5377.94041019492,46177,16.474122384793752,83.70639228902994,1.8678009243506963,-8.905406633890587,Government announces increase in MSP for oilseeds.
2026-04-21,5312.523464744628,55128,16.556745440822226,84.03069806628966,-0.8480517185423514,10.650014045457546,"Poor monsoon forecast worries farmers, supply concerns."
2026-04-22,5345.462692070802,34139,16.922583070087562,84.25269119743822,-3.8230944596017036,7.899301655182342,"Import duty hike expected, prices might rise."
2026-04-23,5391.936767412547,38511,16.966314497417386,84.22706760306366,0.9102966699110138,-1.9540353641562938,Experts predict bearish trend for coming weeks.
2026-04-24,5278.48017432208,30233,17.123823981023683,84.47016878752184,4.110636460220442,11.75617239340595,Trading volume surges on speculation.
2026-04-27,5226.478570365837,54178,16.82825428592994,84.4207941215305,-8.92099739944742,-6.512518184098478,Demand expected to pick up next quarter.
2026-04-28,5100.759388024931,54782,16.939039733627357,84.44712078018621,10.799761831281725,6.827417622962532,"Poor monsoon forecast worries farmers, supply concerns."
2026-04-29,4837.700769094229,54702,17.064198934062315,84.54995703144067,3.364317450000019,10.772225381939425,Global soybean prices fall sharply.
2026-04-30,4735.702304589781,31656,17.270160981544915,84.55621459118825,2.6515013817538895,16.186362634230427,Excellent harvest reported in major growing regions.
2026-05-01,4665.681333233359,23938,17.289746999886503,84.49604077777708,2.268079923041306,1.2057814472741146,Demand expected to pick up next quarter.
2026-05-04,4670.953036909648,19803,17.36372229652906,84.40960982590283,6.788066247404924,9.141444532375743,Favorable weather boosts crop prospects.
2026-05-05,4698.41900885157,51594,17.25796530193607,84.28947188140182,-2.0073196968846614,-5.967385164942441,Demand expected to pick up next quarter.
2026-05-06,4730.683643318324,38350,17.617901442390636,84.13234190000254,-4.02487435160092,-9.03947981517483,"Poor monsoon forecast worries farmers, supply concerns."
2026-05-07,4790.604014553507,19538,17.50875611117474,83.96089382089447,-4.383427011433807,-5.192879602416127,"Poor monsoon forecast worries farmers, supply concerns."
2026-05-08,4851.967007491552,40547,17.58971067073757,84.11493690668456,-3.378610870516683,4.860265168408073,Favorable weather boosts crop prospects.
2026-05-11,4821.4828158124465,25103,17.624929062295244,84.63869712071406,-8.60157602373501,1.1279271287487642,Experts predict bearish trend for coming weeks.
2026-05-12,4771.060966266849,26835,17.5476539184681,84.58538271708859,2.214766812698363,-5.585483426370102,Demand expected to pick up next quarter.
2026-05-13,4841.270736376509,18217,17.998054476425686,84.62709188840067,-1.5354402114561003,-5.909657516743313,Government announces increase in MSP for oilseeds.
2026-05-14,4822.81534440643,32535,17.755625390502736,84.34148267103964,2.285207234671704,-8.240573093167159,Excellent harvest reported in major growing regions.
